original_filename,url
100W FLOODLIGHT GN TYPE (High Matrix).png,https://ipqnkvmlwqkschdkbala.supabase.co/storage/v1/object/public/Cofkans_images/Cofkan_Electricals/100W%20FLOODLIGHT%20GN%20TYPE%20(High%20Matrix).png
100W FLOODLIGHT GN TYPE (Slim SMD).png,https://ipqnkvmlwqkschdkbala.supabase.co/storage/v1/object/public/Cofkans_images/Cofkan_Electricals/100W%20FLOODLIGHT%20GN%20TYPE%20(Slim%20SMD).png
100W FLOODLIGHT GN TYPE.png,https://ipqnkvmlwqkschdkbala.supabase.co/storage/v1/object/public/Cofkans_images/Cofkan_Electricals/100W%20FLOODLIGHT%20GN%20TYPE.png
100W STREET LIGHT (GRID PATTERN).png,https://ipqnkvmlwqkschdkbala.supabase.co/storage/v1/object/public/Cofkans_images/Cofkan_Electricals/100W%20STREET%20LIGHT%20(GRID%20PATTERN).png
100W STREET LIGHT (POLE MOUNT).png,https://ipqnkvmlwqkschdkbala.supabase.co/storage/v1/object/public/Cofkans_images/Cofkan_Electricals/100W%20STREET%20LIGHT%20(POLE%20MOUNT).png
150W LED FLOODLIGHT.png,https://ipqnkvmlwqkschdkbala.supabase.co/storage/v1/object/public/Cofkans_images/Cofkan_Electricals/150W%20LED%20FLOODLIGHT.png
150W STREET LIGHT (GRID PATTERN).png,https://ipqnkvmlwqkschdkbala.supabase.co/storage/v1/object/public/Cofkans_images/Cofkan_Electricals/150W%20STREET%20LIGHT%20(GRID%20PATTERN).png
150W STREET LIGHT (POLE MOUNT).png,https://ipqnkvmlwqkschdkbala.supabase.co/storage/v1/object/public/Cofkans_images/Cofkan_Electricals/150W%20STREET%20LIGHT%20(POLE%20MOUNT).png
150W STREET LIGHT.png,https://ipqnkvmlwqkschdkbala.supabase.co/storage/v1/object/public/Cofkans_images/Cofkan_Electricals/150W%20STREET%20LIGHT.png
200W LED FLOODLIGHT.png,https://ipqnkvmlwqkschdkbala.supabase.co/storage/v1/object/public/Cofkans_images/Cofkan_Electricals/200W%20LED%20FLOODLIGHT.png
200W STREET LIGHT (POLE MOUNT).png,https://ipqnkvmlwqkschdkbala.supabase.co/storage/v1/object/public/Cofkans_images/Cofkan_Electricals/200W%20STREET%20LIGHT%20(POLE%20MOUNT).png
200W STREET LIGHT.png,https://ipqnkvmlwqkschdkbala.supabase.co/storage/v1/object/public/Cofkans_images/Cofkan_Electricals/200W%20STREET%20LIGHT.png
202606092026060920260609202606092026060920260609202606092026060920260609c650ae52-aab3-44e0-9886-1e7ba49f8c8d.png,https://ipqnkvmlwqkschdkbala.supabase.co/storage/v1/object/public/Cofkans_images/Cofkan_Electricals/202606092026060920260609202606092026060920260609202606092026060920260609c650ae52-aab3-44e0-9886-1e7ba49f8c8d.png
20W FLOODLIGHT 3000+500K (10W Variant).png,https://ipqnkvmlwqkschdkbala.supabase.co/storage/v1/object/public/Cofkans_images/Cofkan_Electricals/20W%20FLOODLIGHT%203000+500K%20(10W%20Variant).png
250W STREET LIGHT (POLE MOUNT).png,https://ipqnkvmlwqkschdkbala.supabase.co/storage/v1/object/public/Cofkans_images/Cofkan_Electricals/250W%20STREET%20LIGHT%20(POLE%20MOUNT).png
3-GANG EXTENSION PLUG BASE PACK.png,https://ipqnkvmlwqkschdkbala.supabase.co/storage/v1/object/public/Cofkans_images/Cofkan_Electricals/3-GANG%20EXTENSION%20PLUG%20BASE%20PACK.png
3-GANG EXTENSION SOCKET TYPE B.png,https://ipqnkvmlwqkschdkbala.supabase.co/storage/v1/object/public/Cofkans_images/Cofkan_Electricals/3-GANG%20EXTENSION%20SOCKET%20TYPE%20B.png
3-IN-1 CYLINDRICAL GLASS SHADE PENDANT CLUSTER.png,https://ipqnkvmlwqkschdkbala.supabase.co/storage/v1/object/public/Cofkans_images/Cofkan_Electricals/3-IN-1%20CYLINDRICAL%20GLASS%20SHADE%20PENDANT%20CLUSTER.png
3-LIGHT TRACK BAR SPOTLIGHT FIXTURE.png,https://ipqnkvmlwqkschdkbala.supabase.co/storage/v1/object/public/Cofkans_images/Cofkan_Electricals/3-LIGHT%20TRACK%20BAR%20SPOTLIGHT%20FIXTURE.png
3-LIGHT WHITE TRACK GLOW BAR SYSTEM.png,https://ipqnkvmlwqkschdkbala.supabase.co/storage/v1/object/public/Cofkans_images/Cofkan_Electricals/3-LIGHT%20WHITE%20TRACK%20GLOW%20BAR%20SYSTEM.png
3-POLE CIRCUIT BREAKER 100A.png,https://ipqnkvmlwqkschdkbala.supabase.co/storage/v1/object/public/Cofkans_images/Cofkan_Electricals/3-POLE%20CIRCUIT%20BREAKER%20100A.png
3-TIER REFINED CRYSTAL CHANDELIER LOOP.png,https://ipqnkvmlwqkschdkbala.supabase.co/storage/v1/object/public/Cofkans_images/Cofkan_Electricals/3-TIER%20REFINED%20CRYSTAL%20CHANDELIER%20LOOP.png
3-TIER VENTILATED LOUVER BULKHEAD FITTING.png,https://ipqnkvmlwqkschdkbala.supabase.co/storage/v1/object/public/Cofkans_images/Cofkan_Electricals/3-TIER%20VENTILATED%20LOUVER%20BULKHEAD%20FITTING.png
3-WAY CONDUIT ROUND BOX TYPE A.png,https://ipqnkvmlwqkschdkbala.supabase.co/storage/v1/object/public/Cofkans_images/Cofkan_Electricals/3-WAY%20CONDUIT%20ROUND%20BOX%20TYPE%20A.png
300W LED FLOODLIGHT (400W Variant).png,https://ipqnkvmlwqkschdkbala.supabase.co/storage/v1/object/public/Cofkans_images/Cofkan_Electricals/300W%20LED%20FLOODLIGHT%20(400W%20Variant).png
300W LED FLOODLIGHT (500W Variant).png,https://ipqnkvmlwqkschdkbala.supabase.co/storage/v1/object/public/Cofkans_images/Cofkan_Electricals/300W%20LED%20FLOODLIGHT%20(500W%20Variant).png
300W LED FLOODLIGHT (Bracket Mount).png,https://ipqnkvmlwqkschdkbala.supabase.co/storage/v1/object/public/Cofkans_images/Cofkan_Electricals/300W%20LED%20FLOODLIGHT%20(Bracket%20Mount).png
300W LED FLOODLIGHT (Warm White Light Test).png,https://ipqnkvmlwqkschdkbala.supabase.co/storage/v1/object/public/Cofkans_images/Cofkan_Electricals/300W%20LED%20FLOODLIGHT%20(Warm%20White%20Light%20Test).png
300W LED FLOODLIGHT.png,https://ipqnkvmlwqkschdkbala.supabase.co/storage/v1/object/public/Cofkans_images/Cofkan_Electricals/300W%20LED%20FLOODLIGHT.png
300W STREET LIGHT (POLE MOUNT).png,https://ipqnkvmlwqkschdkbala.supabase.co/storage/v1/object/public/Cofkans_images/Cofkan_Electricals/300W%20STREET%20LIGHT%20(POLE%20MOUNT).png
300W STREET LIGHT.png,https://ipqnkvmlwqkschdkbala.supabase.co/storage/v1/object/public/Cofkans_images/Cofkan_Electricals/300W%20STREET%20LIGHT.png
4-ARM HOLLOW GLASS SHADE CHANDELIER.png,https://ipqnkvmlwqkschdkbala.supabase.co/storage/v1/object/public/Cofkans_images/Cofkan_Electricals/4-ARM%20HOLLOW%20GLASS%20SHADE%20CHANDELIER.png
4-WAY   5-WAY EXTENSION MULTI-SOCKET.png,https://ipqnkvmlwqkschdkbala.supabase.co/storage/v1/object/public/Cofkans_images/Cofkan_Electricals/4-WAY%20%20%205-WAY%20EXTENSION%20MULTI-SOCKET.png
41406M - 13A 2 GANG SWITCHED MULTI FUNCTION SOCKET.png,https://ipqnkvmlwqkschdkbala.supabase.co/storage/v1/object/public/Cofkans_images/Cofkan_Electricals/41406M%20-%2013A%202%20GANG%20SWITCHED%20MULTI%20FUNCTION%20SOCKET.png
41689 - 13A 2 GANG MULTI SOCKET WITH NEON USB GOLD (VC400).png,https://ipqnkvmlwqkschdkbala.supabase.co/storage/v1/object/public/Cofkans_images/Cofkan_Electricals/41689%20-%2013A%202%20GANG%20MULTI%20SOCKET%20WITH%20NEON%20USB%20GOLD%20(VC400).png
4f8e0c71-06e8-40f8-b42d-e0bfe0a26e75.png,https://ipqnkvmlwqkschdkbala.supabase.co/storage/v1/object/public/Cofkans_images/Cofkan_Electricals/4f8e0c71-06e8-40f8-b42d-e0bfe0a26e75.png
50W FLOODLIGHT GN TYPE (Slim SMD).png,https://ipqnkvmlwqkschdkbala.supabase.co/storage/v1/object/public/Cofkans_images/Cofkan_Electricals/50W%20FLOODLIGHT%20GN%20TYPE%20(Slim%20SMD).png
50W FLOODLIGHT GN TYPE.jpg,https://ipqnkvmlwqkschdkbala.supabase.co/storage/v1/object/public/Cofkans_images/Cofkan_Electricals/50W%20FLOODLIGHT%20GN%20TYPE.jpg
50W LED FLOODLIGHT WT-TYPE (Angled).webp,https://ipqnkvmlwqkschdkbala.supabase.co/storage/v1/object/public/Cofkans_images/Cofkan_Electricals/50W%20LED%20FLOODLIGHT%20WT-TYPE%20(Angled).webp
50W LED FLOODLIGHT WT-TYPE.png,https://ipqnkvmlwqkschdkbala.supabase.co/storage/v1/object/public/Cofkans_images/Cofkan_Electricals/50W%20LED%20FLOODLIGHT%20WT-TYPE.png
50W STREET LIGHT (POLE MOUNT) (copy 1).png,https://ipqnkvmlwqkschdkbala.supabase.co/storage/v1/object/public/Cofkans_images/Cofkan_Electricals/50W%20STREET%20LIGHT%20(POLE%20MOUNT)%20(copy%201).png
50W STREET LIGHT (POLE MOUNT).png,https://ipqnkvmlwqkschdkbala.supabase.co/storage/v1/object/public/Cofkans_images/Cofkan_Electricals/50W%20STREET%20LIGHT%20(POLE%20MOUNT).png
50W STREET LIGHT.png,https://ipqnkvmlwqkschdkbala.supabase.co/storage/v1/object/public/Cofkans_images/Cofkan_Electricals/50W%20STREET%20LIGHT.png
71301W 1 GANG 1 WAY SWITCH WIDE DOLLY.png,https://ipqnkvmlwqkschdkbala.supabase.co/storage/v1/object/public/Cofkans_images/Cofkan_Electricals/71301W%201%20GANG%201%20WAY%20SWITCH%20WIDE%20DOLLY.png
71304W 2 GANG 2 WAY SWITCH WIDE DOLLY.png,https://ipqnkvmlwqkschdkbala.supabase.co/storage/v1/object/public/Cofkans_images/Cofkan_Electricals/71304W%202%20GANG%202%20WAY%20SWITCH%20WIDE%20DOLLY.png
71304WCH 2 GANG 2 WAY SWITCH WIDE DOLLY.png,https://ipqnkvmlwqkschdkbala.supabase.co/storage/v1/object/public/Cofkans_images/Cofkan_Electricals/71304WCH%202%20GANG%202%20WAY%20SWITCH%20WIDE%20DOLLY.png
71306 3 GANG 2 WAY SWITCH.png,https://ipqnkvmlwqkschdkbala.supabase.co/storage/v1/object/public/Cofkans_images/Cofkan_Electricals/71306%203%20GANG%202%20WAY%20SWITCH.png
71306CH 3 GANG 2 WAY SWITCH.png,https://ipqnkvmlwqkschdkbala.supabase.co/storage/v1/object/public/Cofkans_images/Cofkan_Electricals/71306CH%203%20GANG%202%20WAY%20SWITCH.png
71324AC CH AIR CONDITION SWITCH (A1105).png,https://ipqnkvmlwqkschdkbala.supabase.co/storage/v1/object/public/Cofkans_images/Cofkan_Electricals/71324AC%20CH%20AIR%20CONDITION%20SWITCH%20(A1105).png
71364 4 GANG 2 WAY SWITCH.png,https://ipqnkvmlwqkschdkbala.supabase.co/storage/v1/object/public/Cofkans_images/Cofkan_Electricals/71364%204%20GANG%202%20WAY%20SWITCH.png
71364W 4 GANG 2 WAY SWITCH WIDE DOLLY.png,https://ipqnkvmlwqkschdkbala.supabase.co/storage/v1/object/public/Cofkans_images/Cofkan_Electricals/71364W%204%20GANG%202%20WAY%20SWITCH%20WIDE%20DOLLY.png
71405 CH 13A SINGLE SOCKET (GOLD RIVET).png,https://ipqnkvmlwqkschdkbala.supabase.co/storage/v1/object/public/Cofkans_images/Cofkan_Electricals/71405%20CH%2013A%20SINGLE%20SOCKET%20(GOLD%20RIVET).png
71432 TV SOCKET.png,https://ipqnkvmlwqkschdkbala.supabase.co/storage/v1/object/public/Cofkans_images/Cofkan_Electricals/71432%20TV%20SOCKET.png
81406M - 13A 2 GANG SWITCHED MULTI FUNCTION SOCKET.png,https://ipqnkvmlwqkschdkbala.supabase.co/storage/v1/object/public/Cofkans_images/Cofkan_Electricals/81406M%20-%2013A%202%20GANG%20SWITCHED%20MULTI%20FUNCTION%20SOCKET.png
81689Q - 13A 2 GANG MULTI SOCKET WITH NEON USB (VC300).png,https://ipqnkvmlwqkschdkbala.supabase.co/storage/v1/object/public/Cofkans_images/Cofkan_Electricals/81689Q%20-%2013A%202%20GANG%20MULTI%20SOCKET%20WITH%20NEON%20USB%20(VC300).png
91302EFQ 1 GANG 2 GANG SWITCH (G1302EFD).png,https://ipqnkvmlwqkschdkbala.supabase.co/storage/v1/object/public/Cofkans_images/Cofkan_Electricals/91302EFQ%201%20GANG%202%20GANG%20SWITCH%20(G1302EFD).png
91408M 13A DOUBLE MULTI SOCKET.png,https://ipqnkvmlwqkschdkbala.supabase.co/storage/v1/object/public/Cofkans_images/Cofkan_Electricals/91408M%2013A%20DOUBLE%20MULTI%20SOCKET.png
91408MB 13A DOUBLE MULTI SOCKET+USB.png,https://ipqnkvmlwqkschdkbala.supabase.co/storage/v1/object/public/Cofkans_images/Cofkan_Electricals/91408MB%2013A%20DOUBLE%20MULTI%20SOCKET+USB.png
91432 TV SOCKET (VC 202).png,https://ipqnkvmlwqkschdkbala.supabase.co/storage/v1/object/public/Cofkans_images/Cofkan_Electricals/91432%20TV%20SOCKET%20(VC%20202).png
AMBER GLASS CYLINDER INDOOR SCONCE.png,https://ipqnkvmlwqkschdkbala.supabase.co/storage/v1/object/public/Cofkans_images/Cofkan_Electricals/AMBER%20GLASS%20CYLINDER%20INDOOR%20SCONCE.png
AMBER GLOBE GARDEN BOLLARD.png,https://ipqnkvmlwqkschdkbala.supabase.co/storage/v1/object/public/Cofkans_images/Cofkan_Electricals/AMBER%20GLOBE%20GARDEN%20BOLLARD.png
ARCHED WINDOW PILLAR GATE LIGHT COLUMN.png,https://ipqnkvmlwqkschdkbala.supabase.co/storage/v1/object/public/Cofkans_images/Cofkan_Electricals/ARCHED%20WINDOW%20PILLAR%20GATE%20LIGHT%20COLUMN.png
ARMOURED POWER CABLE STEEL CORE COIL.png,https://ipqnkvmlwqkschdkbala.supabase.co/storage/v1/object/public/Cofkans_images/Cofkan_Electricals/ARMOURED%20POWER%20CABLE%20STEEL%20CORE%20COIL.png
ARROWHEAD WEDGE SURFACE WALL PACK.png,https://ipqnkvmlwqkschdkbala.supabase.co/storage/v1/object/public/Cofkans_images/Cofkan_Electricals/ARROWHEAD%20WEDGE%20SURFACE%20WALL%20PACK.png
AUTOMATIC CONTROL MAINS CHANGE-OVER CONTROLLER.png,https://ipqnkvmlwqkschdkbala.supabase.co/storage/v1/object/public/Cofkans_images/Cofkan_Electricals/AUTOMATIC%20CONTROL%20MAINS%20CHANGE-OVER%20CONTROLLER.png
AVR AUTOMATIC VOLTAGE REGULATOR DUAL PACK.png,https://ipqnkvmlwqkschdkbala.supabase.co/storage/v1/object/public/Cofkans_images/Cofkan_Electricals/AVR%20AUTOMATIC%20VOLTAGE%20REGULATOR%20DUAL%20PACK.png
B568 LED WALL LAMP  DY-WL 50W 300K.webp,https://ipqnkvmlwqkschdkbala.supabase.co/storage/v1/object/public/Cofkans_images/Cofkan_Electricals/B568%20LED%20WALL%20LAMP%20%20DY-WL%2050W%20300K.webp
BAROQUE HALF-MOON GOLD CARVED SHIELD COVE.png,https://ipqnkvmlwqkschdkbala.supabase.co/storage/v1/object/public/Cofkans_images/Cofkan_Electricals/BAROQUE%20HALF-MOON%20GOLD%20CARVED%20SHIELD%20COVE.png
BLACK PVC INSULATED CONDUIT CABLE COIL.png,https://ipqnkvmlwqkschdkbala.supabase.co/storage/v1/object/public/Cofkans_images/Cofkan_Electricals/BLACK%20PVC%20INSULATED%20CONDUIT%20CABLE%20COIL.png
BLUE BOX ECO LED DOWNLIGHT FITTING.png,https://ipqnkvmlwqkschdkbala.supabase.co/storage/v1/object/public/Cofkans_images/Cofkan_Electricals/BLUE%20BOX%20ECO%20LED%20DOWNLIGHT%20FITTING.png
BOHO CAGE METALLIC DROP CONE TRIO.png,https://ipqnkvmlwqkschdkbala.supabase.co/storage/v1/object/public/Cofkans_images/Cofkan_Electricals/BOHO%20CAGE%20METALLIC%20DROP%20CONE%20TRIO.png
BOW-TIE SCULPTURAL BACKLIGHT OUTDOOR SCONCE (copy 1).png,https://ipqnkvmlwqkschdkbala.supabase.co/storage/v1/object/public/Cofkans_images/Cofkan_Electricals/BOW-TIE%20SCULPTURAL%20BACKLIGHT%20OUTDOOR%20SCONCE%20(copy%201).png
BOW-TIE SCULPTURAL BACKLIGHT OUTDOOR SCONCE.png,https://ipqnkvmlwqkschdkbala.supabase.co/storage/v1/object/public/Cofkans_images/Cofkan_Electricals/BOW-TIE%20SCULPTURAL%20BACKLIGHT%20OUTDOOR%20SCONCE.png
BRASS FILIGREE FOUR-SIDED LAWN LANTERN.png,https://ipqnkvmlwqkschdkbala.supabase.co/storage/v1/object/public/Cofkans_images/Cofkan_Electricals/BRASS%20FILIGREE%20FOUR-SIDED%20LAWN%20LANTERN.png
BRASS FILIGREE PILLAR BASE MOUNT PACK.png,https://ipqnkvmlwqkschdkbala.supabase.co/storage/v1/object/public/Cofkans_images/Cofkan_Electricals/BRASS%20FILIGREE%20PILLAR%20BASE%20MOUNT%20PACK.png
BROWN PORCELAIN SHACKLE INSULATOR (copy 1).png,https://ipqnkvmlwqkschdkbala.supabase.co/storage/v1/object/public/Cofkans_images/Cofkan_Electricals/BROWN%20PORCELAIN%20SHACKLE%20INSULATOR%20(copy%201).png
BROWN PORCELAIN SHACKLE INSULATOR.png,https://ipqnkvmlwqkschdkbala.supabase.co/storage/v1/object/public/Cofkans_images/Cofkan_Electricals/BROWN%20PORCELAIN%20SHACKLE%20INSULATOR.png
BRUSHED CHROME SLIT SHIELD SCOOP WALL COVE.png,https://ipqnkvmlwqkschdkbala.supabase.co/storage/v1/object/public/Cofkans_images/Cofkan_Electricals/BRUSHED%20CHROME%20SLIT%20SHIELD%20SCOOP%20WALL%20COVE.png
C301 1 GANG 1 WAY SWITCH.png,https://ipqnkvmlwqkschdkbala.supabase.co/storage/v1/object/public/Cofkans_images/Cofkan_Electricals/C301%201%20GANG%201%20WAY%20SWITCH.png
C302 1 GANG 2 WAY SWITCH (CLOSE-UP).png,https://ipqnkvmlwqkschdkbala.supabase.co/storage/v1/object/public/Cofkans_images/Cofkan_Electricals/C302%201%20GANG%202%20WAY%20SWITCH%20(CLOSE-UP).png
C302 1 GANG 2 WAY SWITCH.png,https://ipqnkvmlwqkschdkbala.supabase.co/storage/v1/object/public/Cofkans_images/Cofkan_Electricals/C302%201%20GANG%202%20WAY%20SWITCH.png
C324W(AC) AIR CONDITION SWITCH WIDE DOLLY (VP 42).png,https://ipqnkvmlwqkschdkbala.supabase.co/storage/v1/object/public/Cofkans_images/Cofkan_Electricals/C324W(AC)%20AIR%20CONDITION%20SWITCH%20WIDE%20DOLLY%20(VP%2042).png
C324WH WATER HEATER SWITCH GOLD FRAME.png,https://ipqnkvmlwqkschdkbala.supabase.co/storage/v1/object/public/Cofkans_images/Cofkan_Electricals/C324WH%20WATER%20HEATER%20SWITCH%20GOLD%20FRAME.png
C324WH WATER HEATER SWITCH.png,https://ipqnkvmlwqkschdkbala.supabase.co/storage/v1/object/public/Cofkans_images/Cofkan_Electricals/C324WH%20WATER%20HEATER%20SWITCH.png
C331 COOKER UNIT SWITCH.png,https://ipqnkvmlwqkschdkbala.supabase.co/storage/v1/object/public/Cofkans_images/Cofkan_Electricals/C331%20COOKER%20UNIT%20SWITCH.png
C407M 13A SINGLE MULTI SOCKET.png,https://ipqnkvmlwqkschdkbala.supabase.co/storage/v1/object/public/Cofkans_images/Cofkan_Electricals/C407M%2013A%20SINGLE%20MULTI%20SOCKET.png
C408M 13A DOUBLE MULTI SOCKET.png,https://ipqnkvmlwqkschdkbala.supabase.co/storage/v1/object/public/Cofkans_images/Cofkan_Electricals/C408M%2013A%20DOUBLE%20MULTI%20SOCKET.png
C408MB 13A DOUBLE MULTI SOCKET + 2 USB.png,https://ipqnkvmlwqkschdkbala.supabase.co/storage/v1/object/public/Cofkans_images/Cofkan_Electricals/C408MB%2013A%20DOUBLE%20MULTI%20SOCKET%20+%202%20USB.png
CAPSULE OVAL HORIZONTAL SLIT DECORATIVE SCONCE.png,https://ipqnkvmlwqkschdkbala.supabase.co/storage/v1/object/public/Cofkans_images/Cofkan_Electricals/CAPSULE%20OVAL%20HORIZONTAL%20SLIT%20DECORATIVE%20SCONCE.png
CARET CAGE BUNKER LIGHT FLUSH BLOCK.png,https://ipqnkvmlwqkschdkbala.supabase.co/storage/v1/object/public/Cofkans_images/Cofkan_Electricals/CARET%20CAGE%20BUNKER%20LIGHT%20FLUSH%20BLOCK.png
CASCADING rain DROP CHANDELIER PACK.png,https://ipqnkvmlwqkschdkbala.supabase.co/storage/v1/object/public/Cofkans_images/Cofkan_Electricals/CASCADING%20rain%20DROP%20CHANDELIER%20PACK.png
CENTRAL AUTOMATIC VOLTAGE STABILIZER 2000VA.png,https://ipqnkvmlwqkschdkbala.supabase.co/storage/v1/object/public/Cofkans_images/Cofkan_Electricals/CENTRAL%20AUTOMATIC%20VOLTAGE%20STABILIZER%202000VA.png
CHROME RING INNER CRYSTAL BRIGHT LOOPS.png,https://ipqnkvmlwqkschdkbala.supabase.co/storage/v1/object/public/Cofkans_images/Cofkan_Electricals/CHROME%20RING%20INNER%20CRYSTAL%20BRIGHT%20LOOPS.png
CIRCULAR LED RING CRYSTAL ORBIT LAYER.png,https://ipqnkvmlwqkschdkbala.supabase.co/storage/v1/object/public/Cofkans_images/Cofkan_Electricals/CIRCULAR%20LED%20RING%20CRYSTAL%20ORBIT%20LAYER.png
CLASSIC BRASS CARVED DESK LAMP.png,https://ipqnkvmlwqkschdkbala.supabase.co/storage/v1/object/public/Cofkans_images/Cofkan_Electricals/CLASSIC%20BRASS%20CARVED%20DESK%20LAMP.png
CLASSIC TRADITIONAL 5-ARM GLASS SHADE CHANDELIER.png,https://ipqnkvmlwqkschdkbala.supabase.co/storage/v1/object/public/Cofkans_images/Cofkan_Electricals/CLASSIC%20TRADITIONAL%205-ARM%20GLASS%20SHADE%20CHANDELIER.png
CLASSIC VICTORIAN GOLD BRANCH CHANDELIER.png,https://ipqnkvmlwqkschdkbala.supabase.co/storage/v1/object/public/Cofkans_images/Cofkan_Electricals/CLASSIC%20VICTORIAN%20GOLD%20BRANCH%20CHANDELIER.png
CLEAR GLASS BELL FLUSH HANGING DROP.png,https://ipqnkvmlwqkschdkbala.supabase.co/storage/v1/object/public/Cofkans_images/Cofkan_Electricals/CLEAR%20GLASS%20BELL%20FLUSH%20HANGING%20DROP.png
COB LED DEEP RECESSED DOWNLIGHT.png,https://ipqnkvmlwqkschdkbala.supabase.co/storage/v1/object/public/Cofkans_images/Cofkan_Electricals/COB%20LED%20DEEP%20RECESSED%20DOWNLIGHT.png
COMPACT MATTE CHARCOAL OUTDOOR CYLINDER.png,https://ipqnkvmlwqkschdkbala.supabase.co/storage/v1/object/public/Cofkans_images/Cofkan_Electricals/COMPACT%20MATTE%20CHARCOAL%20OUTDOOR%20CYLINDER.png
CONCAVE ARCH GOLD-LINED DECORATIVE SCONCE.png,https://ipqnkvmlwqkschdkbala.supabase.co/storage/v1/object/public/Cofkans_images/Cofkan_Electricals/CONCAVE%20ARCH%20GOLD-LINED%20DECORATIVE%20SCONCE.png
CONE CAP RADIAL SHIELD LOUVER BOLLARD.png,https://ipqnkvmlwqkschdkbala.supabase.co/storage/v1/object/public/Cofkans_images/Cofkan_Electricals/CONE%20CAP%20RADIAL%20SHIELD%20LOUVER%20BOLLARD.png
CONTEMPORARY BLACK SIX-ARM SPIDER CHANDELIER.png,https://ipqnkvmlwqkschdkbala.supabase.co/storage/v1/object/public/Cofkans_images/Cofkan_Electricals/CONTEMPORARY%20BLACK%20SIX-ARM%20SPIDER%20CHANDELIER.png
CP200CR DOUBLE SOCKET FRAME CR (ROSE GOLD ACCENT).png,https://ipqnkvmlwqkschdkbala.supabase.co/storage/v1/object/public/Cofkans_images/Cofkan_Electricals/CP200CR%20DOUBLE%20SOCKET%20FRAME%20CR%20(ROSE%20GOLD%20ACCENT).png
CP200CR DOUBLE SOCKET FRAME CR (ROSE GOLD ACCENT)_1.png,https://ipqnkvmlwqkschdkbala.supabase.co/storage/v1/object/public/Cofkans_images/Cofkan_Electricals/CP200CR%20DOUBLE%20SOCKET%20FRAME%20CR%20(ROSE%20GOLD%20ACCENT)_1.png
CYLINDRICAL TUXEDO MINIMALIST SINGLE PENDANT.png,https://ipqnkvmlwqkschdkbala.supabase.co/storage/v1/object/public/Cofkans_images/Cofkan_Electricals/CYLINDRICAL%20TUXEDO%20MINIMALIST%20SINGLE%20PENDANT.png
CYLINDRICAL UPDOWN COVERS COMPACT MATRIX.png,https://ipqnkvmlwqkschdkbala.supabase.co/storage/v1/object/public/Cofkans_images/Cofkan_Electricals/CYLINDRICAL%20UPDOWN%20COVERS%20COMPACT%20MATRIX.png
DB BOX RECESSED WALL ENCLOSURE.png,https://ipqnkvmlwqkschdkbala.supabase.co/storage/v1/object/public/Cofkans_images/Cofkan_Electricals/DB%20BOX%20RECESSED%20WALL%20ENCLOSURE.png
DELTA PILLAR WEDGE EXTERIOR SCONCE.png,https://ipqnkvmlwqkschdkbala.supabase.co/storage/v1/object/public/Cofkans_images/Cofkan_Electricals/DELTA%20PILLAR%20WEDGE%20EXTERIOR%20SCONCE.png
DOUBLE LAYER CRYSTAL CAKECUT RING CHANDELIER.png,https://ipqnkvmlwqkschdkbala.supabase.co/storage/v1/object/public/Cofkans_images/Cofkan_Electricals/DOUBLE%20LAYER%20CRYSTAL%20CAKECUT%20RING%20CHANDELIER.png
DOUBLE ORBIT SPARK FITTING MATRIX.png,https://ipqnkvmlwqkschdkbala.supabase.co/storage/v1/object/public/Cofkans_images/Cofkan_Electricals/DOUBLE%20ORBIT%20SPARK%20FITTING%20MATRIX.png
E324 UNIVERSAL (WH & AC) SWITCH GOLD.png,https://ipqnkvmlwqkschdkbala.supabase.co/storage/v1/object/public/Cofkans_images/Cofkan_Electricals/E324%20UNIVERSAL%20(WH%20&%20AC)%20SWITCH%20GOLD.png
ECLIPSE RING GLOW BLACK WALL DISC.png,https://ipqnkvmlwqkschdkbala.supabase.co/storage/v1/object/public/Cofkans_images/Cofkan_Electricals/ECLIPSE%20RING%20GLOW%20BLACK%20WALL%20DISC.png
ECO GRILLE LED SURFACE ROUND LIGHT.png,https://ipqnkvmlwqkschdkbala.supabase.co/storage/v1/object/public/Cofkans_images/Cofkan_Electricals/ECO%20GRILLE%20LED%20SURFACE%20ROUND%20LIGHT.png
ELECTRICAL DISTRIBUTION BOX (OPENCLOSED VIEW).png,https://ipqnkvmlwqkschdkbala.supabase.co/storage/v1/object/public/Cofkans_images/Cofkan_Electricals/ELECTRICAL%20DISTRIBUTION%20BOX%20(OPENCLOSED%20VIEW).png
EMBEDDED CRYSTAL FLUSH-MOUNT GLOW FIXTURE.png,https://ipqnkvmlwqkschdkbala.supabase.co/storage/v1/object/public/Cofkans_images/Cofkan_Electricals/EMBEDDED%20CRYSTAL%20FLUSH-MOUNT%20GLOW%20FIXTURE.png
EXTERIOR ARCHITECTURAL BRICK FITTING MIX.png,https://ipqnkvmlwqkschdkbala.supabase.co/storage/v1/object/public/Cofkans_images/Cofkan_Electricals/EXTERIOR%20ARCHITECTURAL%20BRICK%20FITTING%20MIX.png
FLAT HOLLOW PORT SLIT FOOTPATH LIGHT.png,https://ipqnkvmlwqkschdkbala.supabase.co/storage/v1/object/public/Cofkans_images/Cofkan_Electricals/FLAT%20HOLLOW%20PORT%20SLIT%20FOOTPATH%20LIGHT.png
FLUSH MOUNT METALLIC DISTRIBUTION ENCLOSURE.png,https://ipqnkvmlwqkschdkbala.supabase.co/storage/v1/object/public/Cofkans_images/Cofkan_Electricals/FLUSH%20MOUNT%20METALLIC%20DISTRIBUTION%20ENCLOSURE.png
FLUSH SLIMLINE RETROFIT DOWNLIGHT PANEL.png,https://ipqnkvmlwqkschdkbala.supabase.co/storage/v1/object/public/Cofkans_images/Cofkan_Electricals/FLUSH%20SLIMLINE%20RETROFIT%20DOWNLIGHT%20PANEL.png
GEOMETRIC TRIANGLE REINFORCED WOODEN CAGE PENDANT.png,https://ipqnkvmlwqkschdkbala.supabase.co/storage/v1/object/public/Cofkans_images/Cofkan_Electricals/GEOMETRIC%20TRIANGLE%20REINFORCED%20WOODEN%20CAGE%20PENDANT.png
GI FLUSH BOXES MULTI-PACK.png,https://ipqnkvmlwqkschdkbala.supabase.co/storage/v1/object/public/Cofkans_images/Cofkan_Electricals/GI%20FLUSH%20BOXES%20MULTI-PACK.png
GOLD FLUTE CRYSTAL SCONCE (ISOLATED CLOSE-UP).png,https://ipqnkvmlwqkschdkbala.supabase.co/storage/v1/object/public/Cofkans_images/Cofkan_Electricals/GOLD%20FLUTE%20CRYSTAL%20SCONCE%20(ISOLATED%20CLOSE-UP).png
GOLD FLUTE SPIRE LUXURY CRYSTAL FIXTURE.png,https://ipqnkvmlwqkschdkbala.supabase.co/storage/v1/object/public/Cofkans_images/Cofkan_Electricals/GOLD%20FLUTE%20SPIRE%20LUXURY%20CRYSTAL%20FIXTURE.png
GREY REINFORCED COMMERCIAL AREA BOLLARDS.png,https://ipqnkvmlwqkschdkbala.supabase.co/storage/v1/object/public/Cofkans_images/Cofkan_Electricals/GREY%20REINFORCED%20COMMERCIAL%20AREA%20BOLLARDS.png
HEAVY DUTY EXTENSION CABLE REEL.png,https://ipqnkvmlwqkschdkbala.supabase.co/storage/v1/object/public/Cofkans_images/Cofkan_Electricals/HEAVY%20DUTY%20EXTENSION%20CABLE%20REEL.png
HEAVY DUTY INDUSTRIAL CHANGE-OVER SWITCH.png,https://ipqnkvmlwqkschdkbala.supabase.co/storage/v1/object/public/Cofkans_images/Cofkan_Electricals/HEAVY%20DUTY%20INDUSTRIAL%20CHANGE-OVER%20SWITCH.png
HYUNDAI SQUARE LED DRIVER DRIVEN PANEL.png,https://ipqnkvmlwqkschdkbala.supabase.co/storage/v1/object/public/Cofkans_images/Cofkan_Electricals/HYUNDAI%20SQUARE%20LED%20DRIVER%20DRIVEN%20PANEL.png
INTERTWINED MATTE BLACK LED LOOPS.png,https://ipqnkvmlwqkschdkbala.supabase.co/storage/v1/object/public/Cofkans_images/Cofkan_Electricals/INTERTWINED%20MATTE%20BLACK%20LED%20LOOPS.png
INTERTWINED MATTE BLACK LED LOOPS_1.png,https://ipqnkvmlwqkschdkbala.supabase.co/storage/v1/object/public/Cofkans_images/Cofkan_Electricals/INTERTWINED%20MATTE%20BLACK%20LED%20LOOPS_1.png
INTERTWINED MATTE BLACK LED LOOPS_2.png,https://ipqnkvmlwqkschdkbala.supabase.co/storage/v1/object/public/Cofkans_images/Cofkan_Electricals/INTERTWINED%20MATTE%20BLACK%20LED%20LOOPS_2.png
KANS   ANS NYMHY CABLE ROLL YELLOW.png,https://ipqnkvmlwqkschdkbala.supabase.co/storage/v1/object/public/Cofkans_images/Cofkan_Electricals/KANS%20%20%20ANS%20NYMHY%20CABLE%20ROLL%20YELLOW.png
KANS ENERGY BULB (PINK BOX).png,https://ipqnkvmlwqkschdkbala.supabase.co/storage/v1/object/public/Cofkans_images/Cofkan_Electricals/KANS%20ENERGY%20BULB%20(PINK%20BOX).png
KANS ENERGY BULB 1030lm E27.png,https://ipqnkvmlwqkschdkbala.supabase.co/storage/v1/object/public/Cofkans_images/Cofkan_Electricals/KANS%20ENERGY%20BULB%201030lm%20E27.png
KANS ENERGY BULB 1050lm B22.png,https://ipqnkvmlwqkschdkbala.supabase.co/storage/v1/object/public/Cofkans_images/Cofkan_Electricals/KANS%20ENERGY%20BULB%201050lm%20B22.png
KANS ENERGY BULB 1250lm E27.png,https://ipqnkvmlwqkschdkbala.supabase.co/storage/v1/object/public/Cofkans_images/Cofkan_Electricals/KANS%20ENERGY%20BULB%201250lm%20E27.png
KANS ENERGY BULB 210lm.png,https://ipqnkvmlwqkschdkbala.supabase.co/storage/v1/object/public/Cofkans_images/Cofkan_Electricals/KANS%20ENERGY%20BULB%20210lm.png
KANS ENERGY BULB 350lm.png,https://ipqnkvmlwqkschdkbala.supabase.co/storage/v1/object/public/Cofkans_images/Cofkan_Electricals/KANS%20ENERGY%20BULB%20350lm.png
KANS ENERGY BULB LAMPS B22.png,https://ipqnkvmlwqkschdkbala.supabase.co/storage/v1/object/public/Cofkans_images/Cofkan_Electricals/KANS%20ENERGY%20BULB%20LAMPS%20B22.png
KANS ENERGY BULB LAMPS E27.png,https://ipqnkvmlwqkschdkbala.supabase.co/storage/v1/object/public/Cofkans_images/Cofkan_Electricals/KANS%20ENERGY%20BULB%20LAMPS%20E27.png
KANS ENERGY BULB SPIRAL TYPE.png,https://ipqnkvmlwqkschdkbala.supabase.co/storage/v1/object/public/Cofkans_images/Cofkan_Electricals/KANS%20ENERGY%20BULB%20SPIRAL%20TYPE.png
KANS LED 15W B22 WT (T-TYPE).png,https://ipqnkvmlwqkschdkbala.supabase.co/storage/v1/object/public/Cofkans_images/Cofkan_Electricals/KANS%20LED%2015W%20B22%20WT%20(T-TYPE).png
KANS LED 15W B22 WT (T-TYPE)_2.png,https://ipqnkvmlwqkschdkbala.supabase.co/storage/v1/object/public/Cofkans_images/Cofkan_Electricals/KANS%20LED%2015W%20B22%20WT%20(T-TYPE)_2.png
KANS LED 15W E27.png,https://ipqnkvmlwqkschdkbala.supabase.co/storage/v1/object/public/Cofkans_images/Cofkan_Electricals/KANS%20LED%2015W%20E27.png
KANS LED 30W (LED INDOOR).png,https://ipqnkvmlwqkschdkbala.supabase.co/storage/v1/object/public/Cofkans_images/Cofkan_Electricals/KANS%20LED%2030W%20(LED%20INDOOR).png
KANS LED 30W B22 WT (T-TYPE).png,https://ipqnkvmlwqkschdkbala.supabase.co/storage/v1/object/public/Cofkans_images/Cofkan_Electricals/KANS%20LED%2030W%20B22%20WT%20(T-TYPE).png
KANS LED 40W B22 WT (T-TYPE).png,https://ipqnkvmlwqkschdkbala.supabase.co/storage/v1/object/public/Cofkans_images/Cofkan_Electricals/KANS%20LED%2040W%20B22%20WT%20(T-TYPE).png
KANS LED 50W B22 WT (T-TYPE).png,https://ipqnkvmlwqkschdkbala.supabase.co/storage/v1/object/public/Cofkans_images/Cofkan_Electricals/KANS%20LED%2050W%20B22%20WT%20(T-TYPE).png
KANS LED 9W B22 WT (T-TYPE).png,https://ipqnkvmlwqkschdkbala.supabase.co/storage/v1/object/public/Cofkans_images/Cofkan_Electricals/KANS%20LED%209W%20B22%20WT%20(T-TYPE).png
KANS LED PANEL DRIVER ENCLOSURE.png,https://ipqnkvmlwqkschdkbala.supabase.co/storage/v1/object/public/Cofkans_images/Cofkan_Electricals/KANS%20LED%20PANEL%20DRIVER%20ENCLOSURE.png
KING LED ORANGE BOX OUTDOOR BULKHEAD (copy 1).png,https://ipqnkvmlwqkschdkbala.supabase.co/storage/v1/object/public/Cofkans_images/Cofkan_Electricals/KING%20LED%20ORANGE%20BOX%20OUTDOOR%20BULKHEAD%20(copy%201).png
KING LED ORANGE BOX OUTDOOR BULKHEAD.png,https://ipqnkvmlwqkschdkbala.supabase.co/storage/v1/object/public/Cofkans_images/Cofkan_Electricals/KING%20LED%20ORANGE%20BOX%20OUTDOOR%20BULKHEAD.png
LED PANEL LIGHT OFFICE SURFACE PAIR.png,https://ipqnkvmlwqkschdkbala.supabase.co/storage/v1/object/public/Cofkans_images/Cofkan_Electricals/LED%20PANEL%20LIGHT%20OFFICE%20SURFACE%20PAIR.png
LED STREET LAMP BOX.png,https://ipqnkvmlwqkschdkbala.supabase.co/storage/v1/object/public/Cofkans_images/Cofkan_Electricals/LED%20STREET%20LAMP%20BOX.png
LED WL 7W (3000K).png,https://ipqnkvmlwqkschdkbala.supabase.co/storage/v1/object/public/Cofkans_images/Cofkan_Electricals/LED%20WL%207W%20(3000K).png
LUXURY STAINED FABRIC TABLE SHADE SET.png,https://ipqnkvmlwqkschdkbala.supabase.co/storage/v1/object/public/Cofkans_images/Cofkan_Electricals/LUXURY%20STAINED%20FABRIC%20TABLE%20SHADE%20SET.png
MAGNETIC CONTACTOR FITTING.png,https://ipqnkvmlwqkschdkbala.supabase.co/storage/v1/object/public/Cofkans_images/Cofkan_Electricals/MAGNETIC%20CONTACTOR%20FITTING.png
MAIN SWITCHBOARD INTERIOR PANEL.png,https://ipqnkvmlwqkschdkbala.supabase.co/storage/v1/object/public/Cofkans_images/Cofkan_Electricals/MAIN%20SWITCHBOARD%20INTERIOR%20PANEL.png
MATTE BLACK FINNED STREET PILLAR BOLLARDS.png,https://ipqnkvmlwqkschdkbala.supabase.co/storage/v1/object/public/Cofkans_images/Cofkan_Electricals/MATTE%20BLACK%20FINNED%20STREET%20PILLAR%20BOLLARDS.png
MINI CYLINDRICAL SPOTLIGHT UPDOWN STEM ASSEMBLY.png,https://ipqnkvmlwqkschdkbala.supabase.co/storage/v1/object/public/Cofkans_images/Cofkan_Electricals/MINI%20CYLINDRICAL%20SPOTLIGHT%20UPDOWN%20STEM%20ASSEMBLY.png
MINI LED ADJUSTABLE SPOTLIGHT SERIES.png,https://ipqnkvmlwqkschdkbala.supabase.co/storage/v1/object/public/Cofkans_images/Cofkan_Electricals/MINI%20LED%20ADJUSTABLE%20SPOTLIGHT%20SERIES.png
MINIMALIST WIRELESS DOORBELL & CHIME SET.png,https://ipqnkvmlwqkschdkbala.supabase.co/storage/v1/object/public/Cofkans_images/Cofkan_Electricals/MINIMALIST%20WIRELESS%20DOORBELL%20&%20CHIME%20SET.png
MODERN HORIZONTAL GOLD RINGS PENDANT.png,https://ipqnkvmlwqkschdkbala.supabase.co/storage/v1/object/public/Cofkans_images/Cofkan_Electricals/MODERN%20HORIZONTAL%20GOLD%20RINGS%20PENDANT.png
MODULAR DISTRIBUTION ENCLOSURES ROW.png,https://ipqnkvmlwqkschdkbala.supabase.co/storage/v1/object/public/Cofkans_images/Cofkan_Electricals/MODULAR%20DISTRIBUTION%20ENCLOSURES%20ROW.png
MODULAR FUSE SWITCH DISCONNECTOR BANK.png,https://ipqnkvmlwqkschdkbala.supabase.co/storage/v1/object/public/Cofkans_images/Cofkan_Electricals/MODULAR%20FUSE%20SWITCH%20DISCONNECTOR%20BANK.png
MULTI-TIER STEP LOUVER BRICK WALL COVE.png,https://ipqnkvmlwqkschdkbala.supabase.co/storage/v1/object/public/Cofkans_images/Cofkan_Electricals/MULTI-TIER%20STEP%20LOUVER%20BRICK%20WALL%20COVE.png
NORDIC GOLD-LINED DOME PENDANT LAMP.png,https://ipqnkvmlwqkschdkbala.supabase.co/storage/v1/object/public/Cofkans_images/Cofkan_Electricals/NORDIC%20GOLD-LINED%20DOME%20PENDANT%20LAMP.png
NORDIC LOOP HOOP GOLD PENDANT.png,https://ipqnkvmlwqkschdkbala.supabase.co/storage/v1/object/public/Cofkans_images/Cofkan_Electricals/NORDIC%20LOOP%20HOOP%20GOLD%20PENDANT.png
OPTIC MIST SURFACE MOUNT CEILING ROUND.png,https://ipqnkvmlwqkschdkbala.supabase.co/storage/v1/object/public/Cofkans_images/Cofkan_Electricals/OPTIC%20MIST%20SURFACE%20MOUNT%20CEILING%20ROUND.png
ORIENT CEILING ROSE FAN DIMMER.png,https://ipqnkvmlwqkschdkbala.supabase.co/storage/v1/object/public/Cofkans_images/Cofkan_Electricals/ORIENT%20CEILING%20ROSE%20FAN%20DIMMER.png
OVAL GOLD BAND HOOP PENDANT UNIT.png,https://ipqnkvmlwqkschdkbala.supabase.co/storage/v1/object/public/Cofkans_images/Cofkan_Electricals/OVAL%20GOLD%20BAND%20HOOP%20PENDANT%20UNIT.png
OVAL MESH INNER CRYSTAL TEARDROP PENDANT.png,https://ipqnkvmlwqkschdkbala.supabase.co/storage/v1/object/public/Cofkans_images/Cofkan_Electricals/OVAL%20MESH%20INNER%20CRYSTAL%20TEARDROP%20PENDANT.png
OVAL NAUTICAL BULKHEAD GUARD ASSEMBLY.png,https://ipqnkvmlwqkschdkbala.supabase.co/storage/v1/object/public/Cofkans_images/Cofkan_Electricals/OVAL%20NAUTICAL%20BULKHEAD%20GUARD%20ASSEMBLY.png
P301F 1 GANG 1 WAY SWITCH (F302F).png,https://ipqnkvmlwqkschdkbala.supabase.co/storage/v1/object/public/Cofkans_images/Cofkan_Electricals/P301F%201%20GANG%201%20WAY%20SWITCH%20(F302F).png
P408M 13A DOUBLE MULTI SOCKET.png,https://ipqnkvmlwqkschdkbala.supabase.co/storage/v1/object/public/Cofkans_images/Cofkan_Electricals/P408M%2013A%20DOUBLE%20MULTI%20SOCKET.png
P408MB 13A DOUBLE MULTI SOCKET + 2 USB.png,https://ipqnkvmlwqkschdkbala.supabase.co/storage/v1/object/public/Cofkans_images/Cofkan_Electricals/P408MB%2013A%20DOUBLE%20MULTI%20SOCKET%20+%202%20USB.png
PAGODA STEP ROOF CHARCOAL CAGE LANTERN.png,https://ipqnkvmlwqkschdkbala.supabase.co/storage/v1/object/public/Cofkans_images/Cofkan_Electricals/PAGODA%20STEP%20ROOF%20CHARCOAL%20CAGE%20LANTERN.png
PAISLEY TEARDROP FRAME SEED AMBER GLASS SCONCE.png,https://ipqnkvmlwqkschdkbala.supabase.co/storage/v1/object/public/Cofkans_images/Cofkan_Electricals/PAISLEY%20TEARDROP%20FRAME%20SEED%20AMBER%20GLASS%20SCONCE.png
PALATIAL EMPIRE CRYSTAL DRIFT CHANDELIER.png,https://ipqnkvmlwqkschdkbala.supabase.co/storage/v1/object/public/Cofkans_images/Cofkan_Electricals/PALATIAL%20EMPIRE%20CRYSTAL%20DRIFT%20CHANDELIER.png
PLUTO LED CEILING MIX SERIES BOX.png,https://ipqnkvmlwqkschdkbala.supabase.co/storage/v1/object/public/Cofkans_images/Cofkan_Electricals/PLUTO%20LED%20CEILING%20MIX%20SERIES%20BOX.png
POP-UP FLOOR SOCKET BOX PACK.png,https://ipqnkvmlwqkschdkbala.supabase.co/storage/v1/object/public/Cofkans_images/Cofkan_Electricals/POP-UP%20FLOOR%20SOCKET%20BOX%20PACK.png
PREMIUM LAYERED CRYSTAL CHANDELIER SELECTION.png,https://ipqnkvmlwqkschdkbala.supabase.co/storage/v1/object/public/Cofkans_images/Cofkan_Electricals/PREMIUM%20LAYERED%20CRYSTAL%20CHANDELIER%20SELECTION.png
PREMIUM SMD FLOODLIGHT 200W (YELLOW HANDLE) (copy 1).png,https://ipqnkvmlwqkschdkbala.supabase.co/storage/v1/object/public/Cofkans_images/Cofkan_Electricals/PREMIUM%20SMD%20FLOODLIGHT%20200W%20(YELLOW%20HANDLE)%20(copy%201).png
PREMIUM SMD FLOODLIGHT 200W (YELLOW HANDLE).png,https://ipqnkvmlwqkschdkbala.supabase.co/storage/v1/object/public/Cofkans_images/Cofkan_Electricals/PREMIUM%20SMD%20FLOODLIGHT%20200W%20(YELLOW%20HANDLE).png
PURE COPPER EARTH TAPE STRIP ROLL.png,https://ipqnkvmlwqkschdkbala.supabase.co/storage/v1/object/public/Cofkans_images/Cofkan_Electricals/PURE%20COPPER%20EARTH%20TAPE%20STRIP%20ROLL.png
RECESSED CASING LINEAR FOOT PATH LIGHT.png,https://ipqnkvmlwqkschdkbala.supabase.co/storage/v1/object/public/Cofkans_images/Cofkan_Electricals/RECESSED%20CASING%20LINEAR%20FOOT%20PATH%20LIGHT.png
RECESSED CYLINDRICAL SPOTLIGHT MATRIX.png,https://ipqnkvmlwqkschdkbala.supabase.co/storage/v1/object/public/Cofkans_images/Cofkan_Electricals/RECESSED%20CYLINDRICAL%20SPOTLIGHT%20MATRIX.png
RECESSED OVAL.png,https://ipqnkvmlwqkschdkbala.supabase.co/storage/v1/object/public/Cofkans_images/Cofkan_Electricals/RECESSED%20OVAL.png
RECTANGULAR AMBER GLASS COVE WALL LIGHT (copy 1).png,https://ipqnkvmlwqkschdkbala.supabase.co/storage/v1/object/public/Cofkans_images/Cofkan_Electricals/RECTANGULAR%20AMBER%20GLASS%20COVE%20WALL%20LIGHT%20(copy%201).png
RECTANGULAR AMBER GLASS COVE WALL LIGHT.png,https://ipqnkvmlwqkschdkbala.supabase.co/storage/v1/object/public/Cofkans_images/Cofkan_Electricals/RECTANGULAR%20AMBER%20GLASS%20COVE%20WALL%20LIGHT.png
RECTANGULAR COMPACT SMOOTH EXTERIOR UPDOWN FITTING.png,https://ipqnkvmlwqkschdkbala.supabase.co/storage/v1/object/public/Cofkans_images/Cofkan_Electricals/RECTANGULAR%20COMPACT%20SMOOTH%20EXTERIOR%20UPDOWN%20FITTING.png
RECTANGULAR SHIELD PATH WAY DROP DEFLECTOR.png,https://ipqnkvmlwqkschdkbala.supabase.co/storage/v1/object/public/Cofkans_images/Cofkan_Electricals/RECTANGULAR%20SHIELD%20PATH%20WAY%20DROP%20DEFLECTOR.png
RIB-GLASS INDUSTRIAL PIPELINE BLOCK BULKHEAD.png,https://ipqnkvmlwqkschdkbala.supabase.co/storage/v1/object/public/Cofkans_images/Cofkan_Electricals/RIB-GLASS%20INDUSTRIAL%20PIPELINE%20BLOCK%20BULKHEAD.png
ROUND BACK SPLIT PASSAGE BLOCK LIGHT.png,https://ipqnkvmlwqkschdkbala.supabase.co/storage/v1/object/public/Cofkans_images/Cofkan_Electricals/ROUND%20BACK%20SPLIT%20PASSAGE%20BLOCK%20LIGHT.png
ROUND GLOBE GARDEN BOLLARD.png,https://ipqnkvmlwqkschdkbala.supabase.co/storage/v1/object/public/Cofkans_images/Cofkan_Electricals/ROUND%20GLOBE%20GARDEN%20BOLLARD.png
ROUND RECESSED MINI PANEL DUAL PACK.png,https://ipqnkvmlwqkschdkbala.supabase.co/storage/v1/object/public/Cofkans_images/Cofkan_Electricals/ROUND%20RECESSED%20MINI%20PANEL%20DUAL%20PACK.png
ROUND SURFACE LED BULKHEAD BLACK RIM.png,https://ipqnkvmlwqkschdkbala.supabase.co/storage/v1/object/public/Cofkans_images/Cofkan_Electricals/ROUND%20SURFACE%20LED%20BULKHEAD%20BLACK%20RIM.png
ROUNDED EDGE LINEAR CORRIDOR BULKHEAD.png,https://ipqnkvmlwqkschdkbala.supabase.co/storage/v1/object/public/Cofkans_images/Cofkan_Electricals/ROUNDED%20EDGE%20LINEAR%20CORRIDOR%20BULKHEAD.png
SEMI-CIRCULAR LOUVER MATTE OUTDOOR COVE.png,https://ipqnkvmlwqkschdkbala.supabase.co/storage/v1/object/public/Cofkans_images/Cofkan_Electricals/SEMI-CIRCULAR%20LOUVER%20MATTE%20OUTDOOR%20COVE.png
SINGLE CORE PVC WIRE COIL GREY.png,https://ipqnkvmlwqkschdkbala.supabase.co/storage/v1/object/public/Cofkans_images/Cofkan_Electricals/SINGLE%20CORE%20PVC%20WIRE%20COIL%20GREY.png
SLIM PANEL LED FIXTURE SET.png,https://ipqnkvmlwqkschdkbala.supabase.co/storage/v1/object/public/Cofkans_images/Cofkan_Electricals/SLIM%20PANEL%20LED%20FIXTURE%20SET.png
SLIMLINE EMBEDDED MATRIX SQUARE LED.png,https://ipqnkvmlwqkschdkbala.supabase.co/storage/v1/object/public/Cofkans_images/Cofkan_Electricals/SLIMLINE%20EMBEDDED%20MATRIX%20SQUARE%20LED.png
SLIMROUND LED PANEL LIGHT FLAT TYPE.png,https://ipqnkvmlwqkschdkbala.supabase.co/storage/v1/object/public/Cofkans_images/Cofkan_Electricals/SLIMROUND%20LED%20PANEL%20LIGHT%20FLAT%20TYPE.png
SLIT COVE VERTICAL ARCHITECTURAL OUTDOOR MOUNT.png,https://ipqnkvmlwqkschdkbala.supabase.co/storage/v1/object/public/Cofkans_images/Cofkan_Electricals/SLIT%20COVE%20VERTICAL%20ARCHITECTURAL%20OUTDOOR%20MOUNT.png
SLIT GLOW ARCHITECTURAL HORIZONTAL LIGHT BLOCK.png,https://ipqnkvmlwqkschdkbala.supabase.co/storage/v1/object/public/Cofkans_images/Cofkan_Electricals/SLIT%20GLOW%20ARCHITECTURAL%20HORIZONTAL%20LIGHT%20BLOCK.png
SMOKED GLASS ORB TRIPLE HEAD MIX.png,https://ipqnkvmlwqkschdkbala.supabase.co/storage/v1/object/public/Cofkans_images/Cofkan_Electricals/SMOKED%20GLASS%20ORB%20TRIPLE%20HEAD%20MIX.png
SMOOTH RECESSED FLOOD COVE BULKHEAD.png,https://ipqnkvmlwqkschdkbala.supabase.co/storage/v1/object/public/Cofkans_images/Cofkan_Electricals/SMOOTH%20RECESSED%20FLOOD%20COVE%20BULKHEAD.png
SOLAR FLOODLIGHT KIT WITH PANEL 100W.png,https://ipqnkvmlwqkschdkbala.supabase.co/storage/v1/object/public/Cofkans_images/Cofkan_Electricals/SOLAR%20FLOODLIGHT%20KIT%20WITH%20PANEL%20100W.png
SPHERICAL BURST CRYSTAL CHANDELIER.png,https://ipqnkvmlwqkschdkbala.supabase.co/storage/v1/object/public/Cofkans_images/Cofkan_Electricals/SPHERICAL%20BURST%20CRYSTAL%20CHANDELIER.png
SPIRAL CRYSTAL WATERDROP PENDANT SYSTEM.png,https://ipqnkvmlwqkschdkbala.supabase.co/storage/v1/object/public/Cofkans_images/Cofkan_Electricals/SPIRAL%20CRYSTAL%20WATERDROP%20PENDANT%20SYSTEM.png
SQUARE CRYSTAL ENCLOSED CEILING FIXTURE.png,https://ipqnkvmlwqkschdkbala.supabase.co/storage/v1/object/public/Cofkans_images/Cofkan_Electricals/SQUARE%20CRYSTAL%20ENCLOSED%20CEILING%20FIXTURE.png
SQUARE FACE DUAL GLOW COLUMN SCONCE.png,https://ipqnkvmlwqkschdkbala.supabase.co/storage/v1/object/public/Cofkans_images/Cofkan_Electricals/SQUARE%20FACE%20DUAL%20GLOW%20COLUMN%20SCONCE.png
SQUARE GIMBAL DOWNLIGHT WITH DRIVER.png,https://ipqnkvmlwqkschdkbala.supabase.co/storage/v1/object/public/Cofkans_images/Cofkan_Electricals/SQUARE%20GIMBAL%20DOWNLIGHT%20WITH%20DRIVER.png
ST231D LED VENTILATION WALL GRILLE.jpg,https://ipqnkvmlwqkschdkbala.supabase.co/storage/v1/object/public/Cofkans_images/Cofkan_Electricals/ST231D%20LED%20VENTILATION%20WALL%20GRILLE.jpg
ST3174 24W LED GRILL FITTING (copy 1).png,https://ipqnkvmlwqkschdkbala.supabase.co/storage/v1/object/public/Cofkans_images/Cofkan_Electricals/ST3174%2024W%20LED%20GRILL%20FITTING%20(copy%201).png
ST3174 24W LED GRILL FITTING.png,https://ipqnkvmlwqkschdkbala.supabase.co/storage/v1/object/public/Cofkans_images/Cofkan_Electricals/ST3174%2024W%20LED%20GRILL%20FITTING.png
STADIUM TRACK OVAL MATTE BLACK BULKHEAD.png,https://ipqnkvmlwqkschdkbala.supabase.co/storage/v1/object/public/Cofkans_images/Cofkan_Electricals/STADIUM%20TRACK%20OVAL%20MATTE%20BLACK%20BULKHEAD.png
STAINLESS STEEL UPDOWN PIPELINE LIGHT COLUMN.png,https://ipqnkvmlwqkschdkbala.supabase.co/storage/v1/object/public/Cofkans_images/Cofkan_Electricals/STAINLESS%20STEEL%20UPDOWN%20PIPELINE%20LIGHT%20COLUMN.png
STARBURST FIVE-HEAD GOLD CHANDELIER CLUSTER.png,https://ipqnkvmlwqkschdkbala.supabase.co/storage/v1/object/public/Cofkans_images/Cofkan_Electricals/STARBURST%20FIVE-HEAD%20GOLD%20CHANDELIER%20CLUSTER.png
STARBURST FLUSH CEILING DECOR UNIT.png,https://ipqnkvmlwqkschdkbala.supabase.co/storage/v1/object/public/Cofkans_images/Cofkan_Electricals/STARBURST%20FLUSH%20CEILING%20DECOR%20UNIT.png
STARBURST THREE-BEAD DROP COVE LIGHT.jpeg,https://ipqnkvmlwqkschdkbala.supabase.co/storage/v1/object/public/Cofkans_images/Cofkan_Electricals/STARBURST%20THREE-BEAD%20DROP%20COVE%20LIGHT.jpeg
STEMWARE GLASS TYPE GOLD LUXURY WALL FITTING.jpeg,https://ipqnkvmlwqkschdkbala.supabase.co/storage/v1/object/public/Cofkans_images/Cofkan_Electricals/STEMWARE%20GLASS%20TYPE%20GOLD%20LUXURY%20WALL%20FITTING.jpeg
STREET STAINLESS CYLINDER FLUSH TOP COVERS.png,https://ipqnkvmlwqkschdkbala.supabase.co/storage/v1/object/public/Cofkans_images/Cofkan_Electricals/STREET%20STAINLESS%20CYLINDER%20FLUSH%20TOP%20COVERS.png
SURGE PROTECTIVE DEVICE (SPD).png,https://ipqnkvmlwqkschdkbala.supabase.co/storage/v1/object/public/Cofkans_images/Cofkan_Electricals/SURGE%20PROTECTIVE%20DEVICE%20(SPD).png
SWAN NECK HOLLOW ICICLE CRYSTAL SCONCE.png,https://ipqnkvmlwqkschdkbala.supabase.co/storage/v1/object/public/Cofkans_images/Cofkan_Electricals/SWAN%20NECK%20HOLLOW%20ICICLE%20CRYSTAL%20SCONCE.png
T304AB 2 GANG 2 WAY SWITCH GOLD + WT.png,https://ipqnkvmlwqkschdkbala.supabase.co/storage/v1/object/public/Cofkans_images/Cofkan_Electricals/T304AB%202%20GANG%202%20WAY%20SWITCH%20GOLD%20+%20WT.png
T306AB 3 GANG 2 WAY SWITCH GOLD + WT.png,https://ipqnkvmlwqkschdkbala.supabase.co/storage/v1/object/public/Cofkans_images/Cofkan_Electricals/T306AB%203%20GANG%202%20WAY%20SWITCH%20GOLD%20+%20WT.png
T306AB 3 GANG 2 WAY SWITCH GOLD + WT_2.png,https://ipqnkvmlwqkschdkbala.supabase.co/storage/v1/object/public/Cofkans_images/Cofkan_Electricals/T306AB%203%20GANG%202%20WAY%20SWITCH%20GOLD%20+%20WT_2.png
TINKO BULB.png,https://ipqnkvmlwqkschdkbala.supabase.co/storage/v1/object/public/Cofkans_images/Cofkan_Electricals/TINKO%20BULB.png
TINKO LED DOUBLE PACK PANEL FIXTURE (copy 1).png,https://ipqnkvmlwqkschdkbala.supabase.co/storage/v1/object/public/Cofkans_images/Cofkan_Electricals/TINKO%20LED%20DOUBLE%20PACK%20PANEL%20FIXTURE%20(copy%201).png
TINKO LED DOUBLE PACK PANEL FIXTURE.png,https://ipqnkvmlwqkschdkbala.supabase.co/storage/v1/object/public/Cofkans_images/Cofkan_Electricals/TINKO%20LED%20DOUBLE%20PACK%20PANEL%20FIXTURE.png
TINKO RECESSED SQUARE LIGHTING FIXTURE.png,https://ipqnkvmlwqkschdkbala.supabase.co/storage/v1/object/public/Cofkans_images/Cofkan_Electricals/TINKO%20RECESSED%20SQUARE%20LIGHTING%20FIXTURE.png
TINKO T-SERIES SQUARE SUSPENDED PANEL.png,https://ipqnkvmlwqkschdkbala.supabase.co/storage/v1/object/public/Cofkans_images/Cofkan_Electricals/TINKO%20T-SERIES%20SQUARE%20SUSPENDED%20PANEL.png
TRADITIONAL HIP-ROOF HOOD PILLAR LIGHT.png,https://ipqnkvmlwqkschdkbala.supabase.co/storage/v1/object/public/Cofkans_images/Cofkan_Electricals/TRADITIONAL%20HIP-ROOF%20HOOD%20PILLAR%20LIGHT.png
TRIANGULAR HOOD PATHWAY FITTING WHITE.png,https://ipqnkvmlwqkschdkbala.supabase.co/storage/v1/object/public/Cofkans_images/Cofkan_Electricals/TRIANGULAR%20HOOD%20PATHWAY%20FITTING%20WHITE.png
TRIO OVAL INDUSTRIAL CAGE BUNKER PACK.png,https://ipqnkvmlwqkschdkbala.supabase.co/storage/v1/object/public/Cofkans_images/Cofkan_Electricals/TRIO%20OVAL%20INDUSTRIAL%20CAGE%20BUNKER%20PACK.png
TRIPLE CONE COMPACT GOLD CRYSTAL SET.png,https://ipqnkvmlwqkschdkbala.supabase.co/storage/v1/object/public/Cofkans_images/Cofkan_Electricals/TRIPLE%20CONE%20COMPACT%20GOLD%20CRYSTAL%20SET.png
TRIPLE HOOP ORNATE GOLD DROP FIXTURE.png,https://ipqnkvmlwqkschdkbala.supabase.co/storage/v1/object/public/Cofkans_images/Cofkan_Electricals/TRIPLE%20HOOP%20ORNATE%20GOLD%20DROP%20FIXTURE.png
TWIN AND EARTH CABLE COIL WHITE.png,https://ipqnkvmlwqkschdkbala.supabase.co/storage/v1/object/public/Cofkans_images/Cofkan_Electricals/TWIN%20AND%20EARTH%20CABLE%20COIL%20WHITE.png
VINTAGE GLASS TUBE ROUND FRAME BOLLARD.png,https://ipqnkvmlwqkschdkbala.supabase.co/storage/v1/object/public/Cofkans_images/Cofkan_Electricals/VINTAGE%20GLASS%20TUBE%20ROUND%20FRAME%20BOLLARD.png
VINTAGE HOOP FRAME PILLAR LANTERN.png,https://ipqnkvmlwqkschdkbala.supabase.co/storage/v1/object/public/Cofkans_images/Cofkan_Electricals/VINTAGE%20HOOP%20FRAME%20PILLAR%20LANTERN.png
VP167J TV SOCKET + SATELITE GOLD (VC101J).png,https://ipqnkvmlwqkschdkbala.supabase.co/storage/v1/object/public/Cofkans_images/Cofkan_Electricals/VP167J%20TV%20SOCKET%20+%20SATELITE%20GOLD%20(VC101J).png
VP302Y 1 GANG 2 WAY SWITCH SILVER.png,https://ipqnkvmlwqkschdkbala.supabase.co/storage/v1/object/public/Cofkans_images/Cofkan_Electricals/VP302Y%201%20GANG%202%20WAY%20SWITCH%20SILVER.png
VP306J 3 GANG 2 WAY SWITCH GOLD (VC103J).png,https://ipqnkvmlwqkschdkbala.supabase.co/storage/v1/object/public/Cofkans_images/Cofkan_Electricals/VP306J%203%20GANG%202%20WAY%20SWITCH%20GOLD%20(VC103J).png
VP306Y 3 GANG 2 WAY SWITCH SILVER (VC-320T).png,https://ipqnkvmlwqkschdkbala.supabase.co/storage/v1/object/public/Cofkans_images/Cofkan_Electricals/VP306Y%203%20GANG%202%20WAY%20SWITCH%20SILVER%20(VC-320T).png
VP306Y 3 GANG 2 WAY SWITCH SILVER (VC105J).png,https://ipqnkvmlwqkschdkbala.supabase.co/storage/v1/object/public/Cofkans_images/Cofkan_Electricals/VP306Y%203%20GANG%202%20WAY%20SWITCH%20SILVER%20(VC105J).png
VP324J-AC AIR CONDITION SWITCH GOLD.png,https://ipqnkvmlwqkschdkbala.supabase.co/storage/v1/object/public/Cofkans_images/Cofkan_Electricals/VP324J-AC%20AIR%20CONDITION%20SWITCH%20GOLD.png
VP324J-WH WATER HEATER SWITCH GOLD.png,https://ipqnkvmlwqkschdkbala.supabase.co/storage/v1/object/public/Cofkans_images/Cofkan_Electricals/VP324J-WH%20WATER%20HEATER%20SWITCH%20GOLD.png
VP324Y-AC AIR CONDITION SWITCH SILVER.png,https://ipqnkvmlwqkschdkbala.supabase.co/storage/v1/object/public/Cofkans_images/Cofkan_Electricals/VP324Y-AC%20AIR%20CONDITION%20SWITCH%20SILVER.png
VP352Y DIMMER SWITCH SILVER (VP 130-3).png,https://ipqnkvmlwqkschdkbala.supabase.co/storage/v1/object/public/Cofkans_images/Cofkan_Electricals/VP352Y%20DIMMER%20SWITCH%20SILVER%20(VP%20130-3).png
VP407J SINGLE SOCKET GOLD (VC-401J).png,https://ipqnkvmlwqkschdkbala.supabase.co/storage/v1/object/public/Cofkans_images/Cofkan_Electricals/VP407J%20SINGLE%20SOCKET%20GOLD%20(VC-401J).png
VP407Y SINGLE SOCKET SILVER (VC-401Y).png,https://ipqnkvmlwqkschdkbala.supabase.co/storage/v1/object/public/Cofkans_images/Cofkan_Electricals/VP407Y%20SINGLE%20SOCKET%20SILVER%20(VC-401Y).png
VP408J 13A DOUBLE SOCKET GOLD.png,https://ipqnkvmlwqkschdkbala.supabase.co/storage/v1/object/public/Cofkans_images/Cofkan_Electricals/VP408J%2013A%20DOUBLE%20SOCKET%20GOLD.png
VP408MBJ 13A DOUBLE MULTI SOCKET GOLD WITH USB (VC500).png,https://ipqnkvmlwqkschdkbala.supabase.co/storage/v1/object/public/Cofkans_images/Cofkan_Electricals/VP408MBJ%2013A%20DOUBLE%20MULTI%20SOCKET%20GOLD%20WITH%20USB%20(VC500).png
VP408Y 13A DOUBLE SOCKET BRUSHED METAL.png,https://ipqnkvmlwqkschdkbala.supabase.co/storage/v1/object/public/Cofkans_images/Cofkan_Electricals/VP408Y%2013A%20DOUBLE%20SOCKET%20BRUSHED%20METAL.png
VP408Y 13A DOUBLE SOCKET SILVER.png,https://ipqnkvmlwqkschdkbala.supabase.co/storage/v1/object/public/Cofkans_images/Cofkan_Electricals/VP408Y%2013A%20DOUBLE%20SOCKET%20SILVER.png
VP408Y 13A DOUBLE SOCKET STAINLESS STEEL.png,https://ipqnkvmlwqkschdkbala.supabase.co/storage/v1/object/public/Cofkans_images/Cofkan_Electricals/VP408Y%2013A%20DOUBLE%20SOCKET%20STAINLESS%20STEEL.png
VP432J TV SOCKET GOLD.png,https://ipqnkvmlwqkschdkbala.supabase.co/storage/v1/object/public/Cofkans_images/Cofkan_Electricals/VP432J%20TV%20SOCKET%20GOLD.png
VP432Y TV SOCKET SILVER.png,https://ipqnkvmlwqkschdkbala.supabase.co/storage/v1/object/public/Cofkans_images/Cofkan_Electricals/VP432Y%20TV%20SOCKET%20SILVER.png
VP432Y TV SOCKET STAINLESS STEEL.png,https://ipqnkvmlwqkschdkbala.supabase.co/storage/v1/object/public/Cofkans_images/Cofkan_Electricals/VP432Y%20TV%20SOCKET%20STAINLESS%20STEEL.png
W509 13A SINGLE MULTI SOCKET ADAPTOR+ USB.png,https://ipqnkvmlwqkschdkbala.supabase.co/storage/v1/object/public/Cofkans_images/Cofkan_Electricals/W509%2013A%20SINGLE%20MULTI%20SOCKET%20ADAPTOR+%20USB.png
WAVE CURVED EDGE COMPACT STEP FITTING.png,https://ipqnkvmlwqkschdkbala.supabase.co/storage/v1/object/public/Cofkans_images/Cofkan_Electricals/WAVE%20CURVED%20EDGE%20COMPACT%20STEP%20FITTING.png
WAVY REINFORCED SURFACE CABLE TRAY.png,https://ipqnkvmlwqkschdkbala.supabase.co/storage/v1/object/public/Cofkans_images/Cofkan_Electricals/WAVY%20REINFORCED%20SURFACE%20CABLE%20TRAY.png
X-FRAME GEOMETRIC BACKLIGHT DISK.png,https://ipqnkvmlwqkschdkbala.supabase.co/storage/v1/object/public/Cofkans_images/Cofkan_Electricals/X-FRAME%20GEOMETRIC%20BACKLIGHT%20DISK.png
b0ba60f5-e3ce-40ca-9644-8f981345263b.png,https://ipqnkvmlwqkschdkbala.supabase.co/storage/v1/object/public/Cofkans_images/Cofkan_Electricals/b0ba60f5-e3ce-40ca-9644-8f981345263b.png
b17f9dd9-fef2-4f32-b983-6422742fd40a.png,https://ipqnkvmlwqkschdkbala.supabase.co/storage/v1/object/public/Cofkans_images/Cofkan_Electricals/b17f9dd9-fef2-4f32-b983-6422742fd40a.png
bfbe126e-4e09-4a70-92b0-dddf22110e22.png,https://ipqnkvmlwqkschdkbala.supabase.co/storage/v1/object/public/Cofkans_images/Cofkan_Electricals/bfbe126e-4e09-4a70-92b0-dddf22110e22.png
c1a4bc5d-e454-4703-befb-e2a3174a7877.png,https://ipqnkvmlwqkschdkbala.supabase.co/storage/v1/object/public/Cofkans_images/Cofkan_Electricals/c1a4bc5d-e454-4703-befb-e2a3174a7877.png
d38acd9b-b28a-43ca-91e9-8f593ac01c61.png,https://ipqnkvmlwqkschdkbala.supabase.co/storage/v1/object/public/Cofkans_images/Cofkan_Electricals/d38acd9b-b28a-43ca-91e9-8f593ac01c61.png
dcd519d7-58a5-4bcf-b380-56ed5c7e591f.png,https://ipqnkvmlwqkschdkbala.supabase.co/storage/v1/object/public/Cofkans_images/Cofkan_Electricals/dcd519d7-58a5-4bcf-b380-56ed5c7e591f.png
dd785066-a291-403b-8b63-6fd92a21e9b5.png,https://ipqnkvmlwqkschdkbala.supabase.co/storage/v1/object/public/Cofkans_images/Cofkan_Electricals/dd785066-a291-403b-8b63-6fd92a21e9b5.png
eedc325a-a24c-4a41-bdc5-9a58d3aefe41.png,https://ipqnkvmlwqkschdkbala.supabase.co/storage/v1/object/public/Cofkans_images/Cofkan_Electricals/eedc325a-a24c-4a41-bdc5-9a58d3aefe41.png
f2c42bb6-3acb-4910-a525-a8fe53521931.png,https://ipqnkvmlwqkschdkbala.supabase.co/storage/v1/object/public/Cofkans_images/Cofkan_Electricals/f2c42bb6-3acb-4910-a525-a8fe53521931.png
fe7b57b2-3787-42d8-87b8-c0e5907103f4.png,https://ipqnkvmlwqkschdkbala.supabase.co/storage/v1/object/public/Cofkans_images/Cofkan_Electricals/fe7b57b2-3787-42d8-87b8-c0e5907103f4.png
